1;2023-09-03;Контейнер пищевой;Товары для дома;274;100;27400
2;2023-03-10;Средство для мытья посуды;Бытовая химия;201;200;40200
3;2023-07-12;Контейнер пищевой;Товары для дома;87;100;8700
4;2023-01-20;Чайник;Бытовая техника;203;2000;406000
5;2023-06-10;Гель для стирки;Бытовая химия;313;1000;313000
6;2023-07-20;Шампунь;Бытовая химия;162;300;48600
7;2023-05-01;Утюг;Бытовая техника;247;1500;370500
8;2023-04-13;Футболка;Одежда;68;1500;102000
9;2023-01-06;Мыло;Бытовая химия;276;100;27600
10;2023-01-26;Верёвка;Товары для дома;56;500;28000
11;2023-11-23;Худи;Одежда;79;2500;197500
12;2023-02-24;Яблоки;Пищевые продукты;196;30;5880
13;2023-10-08;Контейнер пищевой;Товары для дома;365;100;36500
14;2023-11-08;Шампиньоны;Пищевые продукты;119;10;1190
15;2023-07-09;Утюг;Бытовая техника;127;1500;190500
16;2023-10-04;Гель для стирки;Бытовая химия;309;1000;309000
17;2023-05-21;Брюки;Одежда;5;4000;20000
18;2023-03-06;Пылесос;Бытовая техника;3;5000;15000
19;2023-09-09;Мыло;Бытовая химия;259;100;25900
20;2023-09-22;Микроволновая печь;Бытовая техника;35;4000;140000
21;2023-10-22;Носки;Одежда;252;300;75600
22;2023-10-24;Верёвка;Товары для дома;331;500;165500
23;2023-04-25;Утюг;Бытовая техника;119;1500;178500
24;2023-04-07;Носки;Одежда;184;300;55200
25;2023-03-31;Носки;Одежда;238;300;71400
26;2023-08-26;Средство для мытья посуды;Бытовая химия;302;200;60400
27;2023-04-15;Микроволновая печь;Бытовая техника;9;4000;36000
28;2023-09-19;Утюг;Бытовая техника;51;1500;76500
29;2023-06-16;Микроволновая печь;Бытовая техника;23;4000;92000
30;2023-09-15;Средство для мытья посуды;Бытовая химия;174;200;34800
31;2023-03-26;Колбаса;Пищевые продукты;307;500;153500
32;2023-07-27;Колбаса;Пищевые продукты;118;500;59000
33;2023-03-24;Футболка;Одежда;232;1500;348000
34;2023-07-29;Яблоки;Пищевые продукты;55;30;1650
35;2023-06-09;Яблоки;Пищевые продукты;364;30;10920
36;2023-11-20;Яблоки;Пищевые продукты;307;30;9210
37;2023-11-23;Брюки;Одежда;30;4000;120000
38;2023-09-01;Пылесос;Бытовая техника;2;5000;10000
39;2023-04-27;Шампиньоны;Пищевые продукты;388;10;3880
40;2023-08-06;Утюг;Бытовая техника;285;1500;427500
41;2023-02-03;Гель для стирки;Бытовая химия;147;1000;147000
42;2023-11-19;Шампиньоны;Пищевые продукты;141;10;1410
43;2023-05-04;Мыло;Бытовая химия;238;100;23800
44;2023-12-08;Лимонад;Пищевые продукты;110;1500;165000
45;2023-07-12;Гель для стирки;Бытовая химия;61;1000;61000
46;2023-05-21;Брюки;Одежда;8;4000;32000
47;2023-12-29;Гель для стирки;Бытовая химия;274;1000;274000
48;2023-06-27;Утюг;Бытовая техника;237;1500;355500
49;2023-07-22;Мыло;Бытовая химия;247;100;24700
50;2023-06-28;Лимонад;Пищевые продукты;133;1500;199500
51;2023-11-26;Шампиньоны;Пищевые продукты;124;10;1240
52;2023-03-23;Лимонад;Пищевые продукты;290;1500;435000
53;2023-11-03;Настольная лампа;Товары для дома;226;1000;226000
54;2023-07-31;Футболка;Одежда;235;1500;352500
55;2023-11-29;Шампунь;Бытовая химия;89;300;26700
56;2023-01-03;Футболка;Одежда;217;1500;325500
57;2023-11-27;Утюг;Бытовая техника;280;1500;420000
58;2023-10-23;Контейнер пищевой;Товары для дома;229;100;22900
59;2023-03-26;Верёвка;Товары для дома;245;500;122500
60;2023-02-08;Носки;Одежда;147;300;44100
61;2023-05-19;Гель для стирки;Бытовая химия;224;1000;224000
62;2023-02-26;Верёвка;Товары для дома;270;500;135000
63;2023-04-01;Верёвка;Товары для дома;52;500;26000
64;2023-07-10;Микроволновая печь;Бытовая техника;20;4000;80000
65;2023-03-04;Шампиньоны;Пищевые продукты;296;10;2960
66;2023-04-11;Яблоки;Пищевые продукты;208;30;6240
67;2023-05-22;Утюг;Бытовая техника;156;1500;234000
68;2023-01-05;Брюки;Одежда;12;4000;48000
69;2023-07-03;Лимонад;Пищевые продукты;68;1500;102000
70;2023-09-13;Средство для мытья посуды;Бытовая химия;178;200;35600
71;2023-09-29;Яблоки;Пищевые продукты;153;30;4590
72;2023-05-10;Утюг;Бытовая техника;175;1500;262500
73;2023-04-19;Пылесос;Бытовая техника;2;5000;10000
74;2023-05-30;Чайник;Бытовая техника;221;2000;442000
75;2023-05-31;Яблоки;Пищевые продукты;174;30;5220
76;2023-10-13;Лимонад;Пищевые продукты;42;1500;63000
77;2023-03-11;Микроволновая печь;Бытовая техника;35;4000;140000
78;2023-11-23;Настольная лампа;Товары для дома;142;1000;142000
79;2023-01-18;Утюг;Бытовая техника;237;1500;355500
80;2023-09-23;Микроволновая печь;Бытовая техника;25;4000;100000
81;2023-01-29;Средство для мытья посуды;Бытовая химия;235;200;47000
82;2023-12-10;Лимонад;Пищевые продукты;246;1500;369000
83;2023-05-17;Лимонад;Пищевые продукты;52;1500;78000
84;2023-07-18;Верёвка;Товары для дома;74;500;37000
85;2023-07-07;Шампунь;Бытовая химия;333;300;99900
86;2023-11-30;Носки;Одежда;91;300;27300
87;2023-06-25;Лимонад;Пищевые продукты;44;1500;66000
88;2023-12-07;Удлинитель;Товары для дома;190;400;76000
89;2023-07-28;Пылесос;Бытовая техника;5;5000;25000
90;2023-06-10;Шампиньоны;Пищевые продукты;98;10;980
91;2023-06-25;Утюг;Бытовая техника;289;1500;433500
92;2023-03-21;Контейнер пищевой;Товары для дома;185;100;18500
93;2023-09-20;Лимонад;Пищевые продукты;280;1500;420000
94;2023-09-05;Утюг;Бытовая техника;163;1500;244500
95;2023-05-26;Микроволновая печь;Бытовая техника;4;4000;16000
96;2023-08-30;Брюки;Одежда;25;4000;100000
97;2023-10-16;Брюки;Одежда;9;4000;36000
98;2023-09-04;Настольная лампа;Товары для дома;48;1000;48000
99;2023-06-24;Худи;Одежда;58;2500;145000
100;2023-07-14;Настольная лампа;Товары для дома;285;1000;285000
101;2023-08-19;Удлинитель;Товары для дома;341;400;136400
102;2023-11-19;Лимонад;Пищевые продукты;35;1500;52500
103;2023-10-16;Утюг;Бытовая техника;112;1500;168000
104;2023-07-27;Яблоки;Пищевые продукты;267;30;8010
105;2023-11-05;Шампиньоны;Пищевые продукты;76;10;760
106;2023-06-09;Колбаса;Пищевые продукты;358;500;179000
107;2023-10-16;Колбаса;Пищевые продукты;85;500;42500
108;2023-11-01;Лимонад;Пищевые продукты;232;1500;348000
109;2023-08-15;Шампиньоны;Пищевые продукты;341;10;3410
110;2023-11-14;Шампиньоны;Пищевые продукты;191;10;1910
111;2023-12-16;Футболка;Одежда;253;1500;379500
112;2023-04-09;Шампунь;Бытовая химия;77;300;23100
113;2023-02-12;Колбаса;Пищевые продукты;167;500;83500
114;2023-07-23;Настольная лампа;Товары для дома;294;1000;294000
115;2023-07-16;Футболка;Одежда;147;1500;220500
116;2023-06-28;Яблоки;Пищевые продукты;162;30;4860
117;2023-10-17;Верёвка;Товары для дома;354;500;177000
118;2023-03-30;Верёвка;Товары для дома;340;500;170000
119;2023-09-28;Яблоки;Пищевые продукты;249;30;7470
120;2023-11-08;Микроволновая печь;Бытовая техника;40;4000;160000
121;2023-07-07;Брюки;Одежда;15;4000;60000
122;2023-03-09;Шампиньоны;Пищевые продукты;251;10;2510
123;2023-07-01;Удлинитель;Товары для дома;310;400;124000
124;2023-09-05;Шампиньоны;Пищевые продукты;254;10;2540
125;2023-05-15;Шампунь;Бытовая химия;160;300;48000
126;2023-07-14;Гель для стирки;Бытовая химия;199;1000;199000
127;2023-08-07;Лимонад;Пищевые продукты;105;1500;157500
128;2023-01-18;Утюг;Бытовая техника;42;1500;63000
129;2023-10-11;Удлинитель;Товары для дома;272;400;108800
130;2023-02-11;Настольная лампа;Товары для дома;307;1000;307000
131;2023-01-14;Утюг;Бытовая техника;104;1500;156000
132;2023-02-26;Чайник;Бытовая техника;186;2000;372000
133;2023-01-17;Настольная лампа;Товары для дома;204;1000;204000
134;2023-07-06;Верёвка;Товары для дома;53;500;26500
135;2023-09-16;Брюки;Одежда;34;4000;136000
136;2023-04-02;Верёвка;Товары для дома;318;500;159000
137;2023-11-25;Носки;Одежда;187;300;56100
138;2023-10-08;Брюки;Одежда;12;4000;48000
139;2023-11-25;Удлинитель;Товары для дома;49;400;19600
140;2023-08-15;Лимонад;Пищевые продукты;56;1500;84000
141;2023-05-18;Носки;Одежда;46;300;13800
142;2023-02-16;Колбаса;Пищевые продукты;346;500;173000
143;2023-07-13;Верёвка;Товары для дома;210;500;105000
144;2023-09-30;Пылесос;Бытовая техника;9;5000;45000
145;2023-07-27;Шампиньоны;Пищевые продукты;363;10;3630
146;2023-10-19;Шампиньоны;Пищевые продукты;257;10;2570
147;2023-04-09;Мыло;Бытовая химия;81;100;8100
148;2023-12-26;Колбаса;Пищевые продукты;338;500;169000
149;2023-04-16;Колбаса;Пищевые продукты;334;500;167000
150;2023-01-05;Колбаса;Пищевые продукты;287;500;143500
151;2023-11-02;Носки;Одежда;387;300;116100
152;2023-08-30;Шампиньоны;Пищевые продукты;280;10;2800
153;2023-05-25;Яблоки;Пищевые продукты;120;30;3600
154;2023-10-24;Футболка;Одежда;59;1500;88500
155;2023-08-23;Микроволновая печь;Бытовая техника;38;4000;152000
156;2023-04-20;Пылесос;Бытовая техника;5;5000;25000
157;2023-08-24;Контейнер пищевой;Товары для дома;372;100;37200
158;2023-12-02;Шампунь;Бытовая химия;58;300;17400
159;2023-08-06;Футболка;Одежда;267;1500;400500
160;2023-12-19;Утюг;Бытовая техника;70;1500;105000
161;2023-11-23;Чайник;Бытовая техника;64;2000;128000
162;2023-10-22;Футболка;Одежда;100;1500;150000
163;2023-01-12;Настольная лампа;Товары для дома;194;1000;194000
164;2023-02-19;Пылесос;Бытовая техника;7;5000;35000
165;2023-07-26;Контейнер пищевой;Товары для дома;273;100;27300
166;2023-11-29;Яблоки;Пищевые продукты;47;30;1410
167;2023-11-19;Шампиньоны;Пищевые продукты;285;10;2850
168;2023-06-02;Верёвка;Товары для дома;45;500;22500
169;2023-08-31;Средство для мытья посуды;Бытовая химия;298;200;59600
170;2023-09-22;Худи;Одежда;70;2500;175000
171;2023-11-24;Шампунь;Бытовая химия;220;300;66000
172;2023-11-18;Пылесос;Бытовая техника;1;5000;5000
173;2023-07-19;Шампиньоны;Пищевые продукты;55;10;550
174;2023-10-24;Шампунь;Бытовая химия;68;300;20400
175;2023-05-01;Носки;Одежда;114;300;34200
176;2023-12-29;Мыло;Бытовая химия;270;100;27000
177;2023-10-17;Удлинитель;Товары для дома;41;400;16400
178;2023-04-14;Настольная лампа;Товары для дома;267;1000;267000
179;2023-05-03;Контейнер пищевой;Товары для дома;298;100;29800
180;2023-06-21;Настольная лампа;Товары для дома;245;1000;245000
181;2023-10-20;Гель для стирки;Бытовая химия;147;1000;147000
182;2023-03-26;Мыло;Бытовая химия;157;100;15700
183;2023-02-19;Микроволновая печь;Бытовая техника;38;4000;152000
184;2023-05-08;Яблоки;Пищевые продукты;100;30;3000
185;2023-10-09;Средство для мытья посуды;Бытовая химия;299;200;59800
186;2023-01-28;Колбаса;Пищевые продукты;269;500;134500
187;2023-07-20;Средство для мытья посуды;Бытовая химия;181;200;36200
188;2023-10-10;Брюки;Одежда;38;4000;152000
189;2023-10-13;Шампунь;Бытовая химия;283;300;84900
190;2023-02-12;Колбаса;Пищевые продукты;346;500;173000
191;2023-07-13;Средство для мытья посуды;Бытовая химия;88;200;17600
192;2023-04-11;Верёвка;Товары для дома;171;500;85500
193;2023-12-18;Микроволновая печь;Бытовая техника;31;4000;124000
194;2023-12-11;Худи;Одежда;33;2500;82500
195;2023-05-16;Верёвка;Товары для дома;339;500;169500
196;2023-05-10;Чайник;Бытовая техника;55;2000;110000
197;2023-02-26;Худи;Одежда;152;2500;380000
198;2023-08-02;Контейнер пищевой;Товары для дома;372;100;37200
199;2023-06-21;Брюки;Одежда;10;4000;40000
200;2023-10-22;Микроволновая печь;Бытовая техника;37;4000;148000
201;2023-11-17;Мыло;Бытовая химия;342;100;34200
202;2023-05-26;Брюки;Одежда;19;4000;76000
203;2023-11-30;Чайник;Бытовая техника;122;2000;244000
204;2023-08-21;Яблоки;Пищевые продукты;58;30;1740
205;2023-11-19;Пылесос;Бытовая техника;5;5000;25000
206;2023-02-27;Чайник;Бытовая техника;206;2000;412000
207;2023-03-13;Утюг;Бытовая техника;256;1500;384000
208;2023-02-27;Лимонад;Пищевые продукты;202;1500;303000
209;2023-09-12;Средство для мытья посуды;Бытовая химия;380;200;76000
210;2023-02-11;Носки;Одежда;320;300;96000
211;2023-02-02;Контейнер пищевой;Товары для дома;265;100;26500
212;2023-07-27;Верёвка;Товары для дома;48;500;24000
213;2023-06-01;Чайник;Бытовая техника;126;2000;252000
214;2023-03-08;Худи;Одежда;146;2500;365000
215;2023-01-22;Настольная лампа;Товары для дома;299;1000;299000
216;2023-12-18;Настольная лампа;Товары для дома;110;1000;110000
217;2023-09-08;Пылесос;Бытовая техника;5;5000;25000
218;2023-07-18;Шампунь;Бытовая химия;79;300;23700
219;2023-06-28;Колбаса;Пищевые продукты;98;500;49000
220;2023-02-12;Гель для стирки;Бытовая химия;203;1000;203000
221;2023-07-29;Чайник;Бытовая техника;184;2000;368000
222;2023-01-23;Гель для стирки;Бытовая химия;40;1000;40000
223;2023-12-05;Лимонад;Пищевые продукты;200;1500;300000
224;2023-09-07;Носки;Одежда;85;300;25500
225;2023-02-11;Брюки;Одежда;7;4000;28000
226;2023-12-06;Мыло;Бытовая химия;192;100;19200
227;2023-01-16;Яблоки;Пищевые продукты;316;30;9480
228;2023-01-03;Яблоки;Пищевые продукты;272;30;8160
229;2023-03-24;Микроволновая печь;Бытовая техника;18;4000;72000
230;2023-09-20;Шампунь;Бытовая химия;332;300;99600
231;2023-06-17;Чайник;Бытовая техника;40;2000;80000
232;2023-09-10;Худи;Одежда;121;2500;302500
233;2023-09-01;Колбаса;Пищевые продукты;309;500;154500
234;2023-03-27;Пылесос;Бытовая техника;8;5000;40000
235;2023-01-19;Мыло;Бытовая химия;315;100;31500
236;2023-11-12;Футболка;Одежда;200;1500;300000
237;2023-03-23;Мыло;Бытовая химия;221;100;22100
238;2023-04-18;Брюки;Одежда;31;4000;124000
239;2023-09-25;Микроволновая печь;Бытовая техника;18;4000;72000
240;2023-08-24;Контейнер пищевой;Товары для дома;96;100;9600
241;2023-06-21;Чайник;Бытовая техника;226;2000;452000
242;2023-08-05;Худи;Одежда;45;2500;112500
243;2023-07-19;Верёвка;Товары для дома;62;500;31000
244;2023-06-25;Носки;Одежда;170;300;51000
245;2023-08-20;Гель для стирки;Бытовая химия;203;1000;203000
246;2023-06-10;Мыло;Бытовая химия;129;100;12900
247;2023-02-23;Носки;Одежда;122;300;36600
248;2023-06-18;Носки;Одежда;252;300;75600
249;2023-06-06;Пылесос;Бытовая техника;5;5000;25000
250;2023-03-16;Микроволновая печь;Бытовая техника;14;4000;56000
251;2023-10-23;Утюг;Бытовая техника;216;1500;324000
252;2023-12-14;Мыло;Бытовая химия;336;100;33600
253;2023-07-27;Микроволновая печь;Бытовая техника;24;4000;96000
254;2023-11-27;Микроволновая печь;Бытовая техника;18;4000;72000
255;2023-11-08;Микроволновая печь;Бытовая техника;37;4000;148000
256;2023-01-20;Брюки;Одежда;27;4000;108000
257;2023-06-15;Лимонад;Пищевые продукты;284;1500;426000
258;2023-11-10;Утюг;Бытовая техника;223;1500;334500
259;2023-08-16;Шампунь;Бытовая химия;351;300;105300
260;2023-04-02;Гель для стирки;Бытовая химия;247;1000;247000
261;2023-04-12;Худи;Одежда;91;2500;227500
262;2023-11-20;Худи;Одежда;79;2500;197500
263;2023-11-04;Худи;Одежда;23;2500;57500
264;2023-07-16;Шампунь;Бытовая химия;354;300;106200
265;2023-02-28;Колбаса;Пищевые продукты;229;500;114500
266;2023-05-06;Брюки;Одежда;31;4000;124000
267;2023-04-11;Пылесос;Бытовая техника;8;5000;40000
268;2023-08-05;Мыло;Бытовая химия;348;100;34800
269;2023-02-24;Утюг;Бытовая техника;252;1500;378000
270;2023-12-11;Удлинитель;Товары для дома;129;400;51600
271;2023-04-08;Микроволновая печь;Бытовая техника;22;4000;88000
272;2023-07-21;Пылесос;Бытовая техника;3;5000;15000
273;2023-09-06;Пылесос;Бытовая техника;6;5000;30000
274;2023-09-14;Носки;Одежда;314;300;94200
275;2023-11-28;Брюки;Одежда;33;4000;132000
276;2023-09-24;Шампунь;Бытовая химия;74;300;22200
277;2023-03-07;Средство для мытья посуды;Бытовая химия;122;200;24400
278;2023-02-14;Футболка;Одежда;191;1500;286500
279;2023-09-04;Чайник;Бытовая техника;109;2000;218000
280;2023-08-23;Худи;Одежда;122;2500;305000
281;2023-12-18;Гель для стирки;Бытовая химия;35;1000;35000
282;2023-11-02;Мыло;Бытовая химия;366;100;36600
283;2023-09-07;Яблоки;Пищевые продукты;360;30;10800
284;2023-01-22;Колбаса;Пищевые продукты;58;500;29000
285;2023-11-28;Гель для стирки;Бытовая химия;305;1000;305000
286;2023-03-05;Удлинитель;Товары для дома;125;400;50000
287;2023-02-08;Средство для мытья посуды;Бытовая химия;170;200;34000
288;2023-06-15;Верёвка;Товары для дома;106;500;53000
289;2023-07-03;Шампиньоны;Пищевые продукты;222;10;2220
290;2023-11-28;Шампунь;Бытовая химия;218;300;65400
291;2023-05-02;Шампиньоны;Пищевые продукты;296;10;2960
292;2023-09-15;Брюки;Одежда;23;4000;92000
293;2023-08-02;Настольная лампа;Товары для дома;210;1000;210000
294;2023-03-22;Мыло;Бытовая химия;358;100;35800
295;2023-04-27;Лимонад;Пищевые продукты;151;1500;226500
296;2023-11-13;Брюки;Одежда;5;4000;20000
297;2023-04-19;Мыло;Бытовая химия;139;100;13900
298;2023-07-28;Худи;Одежда;54;2500;135000
299;2023-09-02;Яблоки;Пищевые продукты;74;30;2220
300;2023-06-05;Удлинитель;Товары для дома;129;400;51600
301;2023-08-26;Удлинитель;Товары для дома;140;400;56000
302;2023-10-02;Мыло;Бытовая химия;245;100;24500
303;2023-12-27;Утюг;Бытовая техника;38;1500;57000
304;2023-04-28;Шампиньоны;Пищевые продукты;165;10;1650
305;2023-02-25;Настольная лампа;Товары для дома;305;1000;305000
306;2023-06-08;Футболка;Одежда;215;1500;322500
307;2023-07-15;Средство для мытья посуды;Бытовая химия;337;200;67400
308;2023-07-10;Микроволновая печь;Бытовая техника;30;4000;120000
309;2023-03-10;Шампиньоны;Пищевые продукты;251;10;2510
310;2023-03-26;Настольная лампа;Товары для дома;157;1000;157000
311;2023-01-22;Футболка;Одежда;143;1500;214500
312;2023-11-11;Лимонад;Пищевые продукты;104;1500;156000
313;2023-04-12;Контейнер пищевой;Товары для дома;383;100;38300
314;2023-02-07;Худи;Одежда;132;2500;330000
315;2023-05-27;Футболка;Одежда;210;1500;315000
316;2023-04-24;Колбаса;Пищевые продукты;165;500;82500
317;2023-04-16;Лимонад;Пищевые продукты;179;1500;268500
318;2023-02-01;Микроволновая печь;Бытовая техника;14;4000;56000
319;2023-09-25;Лимонад;Пищевые продукты;232;1500;348000
320;2023-10-26;Лимонад;Пищевые продукты;185;1500;277500
321;2023-04-11;Лимонад;Пищевые продукты;39;1500;58500
322;2023-09-06;Носки;Одежда;188;300;56400
323;2023-11-05;Яблоки;Пищевые продукты;87;30;2610
324;2023-08-15;Мыло;Бытовая химия;308;100;30800
325;2023-01-17;Колбаса;Пищевые продукты;349;500;174500
326;2023-12-05;Утюг;Бытовая техника;55;1500;82500
327;2023-12-16;Шампиньоны;Пищевые продукты;331;10;3310
328;2023-02-17;Носки;Одежда;280;300;84000
329;2023-03-15;Колбаса;Пищевые продукты;142;500;71000
330;2023-11-18;Шампиньоны;Пищевые продукты;169;10;1690
331;2023-07-09;Чайник;Бытовая техника;140;2000;280000
332;2023-01-08;Яблоки;Пищевые продукты;350;30;10500
333;2023-07-06;Пылесос;Бытовая техника;2;5000;10000
334;2023-11-07;Яблоки;Пищевые продукты;39;30;1170
335;2023-08-14;Контейнер пищевой;Товары для дома;287;100;28700
336;2023-05-05;Носки;Одежда;196;300;58800
337;2023-12-28;Шампиньоны;Пищевые продукты;337;10;3370
338;2023-06-14;Утюг;Бытовая техника;206;1500;309000
339;2023-02-02;Носки;Одежда;300;300;90000
340;2023-03-05;Средство для мытья посуды;Бытовая химия;121;200;24200
341;2023-05-13;Гель для стирки;Бытовая химия;298;1000;298000
342;2023-04-20;Средство для мытья посуды;Бытовая химия;183;200;36600
343;2023-06-12;Контейнер пищевой;Товары для дома;328;100;32800
344;2023-02-19;Гель для стирки;Бытовая химия;335;1000;335000
345;2023-11-28;Настольная лампа;Товары для дома;173;1000;173000
346;2023-01-01;Брюки;Одежда;18;4000;72000
347;2023-03-08;Футболка;Одежда;217;1500;325500
348;2023-07-26;Футболка;Одежда;111;1500;166500
349;2023-09-21;Настольная лампа;Товары для дома;173;1000;173000
350;2023-10-25;Гель для стирки;Бытовая химия;292;1000;292000
351;2023-06-29;Колбаса;Пищевые продукты;273;500;136500
352;2023-10-20;Худи;Одежда;84;2500;210000
353;2023-04-01;Шампунь;Бытовая химия;252;300;75600
354;2023-05-12;Чайник;Бытовая техника;70;2000;140000
355;2023-10-16;Лимонад;Пищевые продукты;130;1500;195000
356;2023-04-13;Чайник;Бытовая техника;204;2000;408000
357;2023-01-24;Шампунь;Бытовая химия;198;300;59400
358;2023-02-09;Гель для стирки;Бытовая химия;200;1000;200000
359;2023-08-31;Футболка;Одежда;251;1500;376500
360;2023-08-20;Средство для мытья посуды;Бытовая химия;235;200;47000
361;2023-12-10;Удлинитель;Товары для дома;363;400;145200
362;2023-01-19;Колбаса;Пищевые продукты;226;500;113000
363;2023-10-28;Пылесос;Бытовая техника;7;5000;35000
364;2023-03-24;Гель для стирки;Бытовая химия;285;1000;285000
365;2023-12-03;Утюг;Бытовая техника;195;1500;292500
366;2023-06-17;Контейнер пищевой;Товары для дома;104;100;10400
367;2023-02-16;Мыло;Бытовая химия;269;100;26900
368;2023-12-09;Пылесос;Бытовая техника;4;5000;20000
369;2023-01-14;Яблоки;Пищевые продукты;66;30;1980
370;2023-09-23;Худи;Одежда;131;2500;327500
371;2023-02-10;Контейнер пищевой;Товары для дома;180;100;18000
372;2023-11-10;Лимонад;Пищевые продукты;240;1500;360000
373;2023-09-17;Шампиньоны;Пищевые продукты;68;10;680
374;2023-01-14;Средство для мытья посуды;Бытовая химия;127;200;25400
375;2023-10-05;Шампиньоны;Пищевые продукты;63;10;630
376;2023-01-08;Средство для мытья посуды;Бытовая химия;217;200;43400
377;2023-02-22;Лимонад;Пищевые продукты;37;1500;55500
378;2023-10-09;Шампиньоны;Пищевые продукты;278;10;2780
379;2023-02-21;Средство для мытья посуды;Бытовая химия;228;200;45600
380;2023-02-15;Яблоки;Пищевые продукты;243;30;7290
381;2023-10-08;Удлинитель;Товары для дома;89;400;35600
382;2023-07-07;Брюки;Одежда;27;4000;108000
383;2023-12-29;Настольная лампа;Товары для дома;231;1000;231000
384;2023-02-12;Средство для мытья посуды;Бытовая химия;358;200;71600
385;2023-08-28;Колбаса;Пищевые продукты;254;500;127000
386;2023-11-05;Контейнер пищевой;Товары для дома;121;100;12100
387;2023-06-06;Микроволновая печь;Бытовая техника;22;4000;88000
388;2023-09-28;Лимонад;Пищевые продукты;67;1500;100500
389;2023-03-01;Настольная лампа;Товары для дома;105;1000;105000
390;2023-09-29;Мыло;Бытовая химия;228;100;22800
391;2023-06-10;Пылесос;Бытовая техника;7;5000;35000
392;2023-07-11;Средство для мытья посуды;Бытовая химия;319;200;63800
393;2023-06-28;Худи;Одежда;156;2500;390000
394;2023-07-12;Пылесос;Бытовая техника;10;5000;50000
395;2023-06-06;Лимонад;Пищевые продукты;62;1500;93000
396;2023-08-27;Чайник;Бытовая техника;67;2000;134000
397;2023-01-05;Лимонад;Пищевые продукты;133;1500;199500
398;2023-05-20;Мыло;Бытовая химия;114;100;11400
399;2023-01-13;Шампунь;Бытовая химия;66;300;19800
400;2023-11-16;Утюг;Бытовая техника;111;1500;166500
401;2023-12-08;Пылесос;Бытовая техника;1;5000;5000
402;2023-07-16;Гель для стирки;Бытовая химия;216;1000;216000
403;2023-12-13;Шампунь;Бытовая химия;214;300;64200
404;2023-07-21;Верёвка;Товары для дома;84;500;42000
405;2023-03-31;Мыло;Бытовая химия;353;100;35300
406;2023-12-28;Яблоки;Пищевые продукты;137;30;4110
407;2023-12-12;Удлинитель;Товары для дома;59;400;23600
408;2023-01-15;Яблоки;Пищевые продукты;282;30;8460
409;2023-11-01;Пылесос;Бытовая техника;7;5000;35000
410;2023-07-21;Микроволновая печь;Бытовая техника;14;4000;56000
411;2023-03-04;Утюг;Бытовая техника;106;1500;159000
412;2023-02-12;Верёвка;Товары для дома;247;500;123500
413;2023-05-18;Настольная лампа;Товары для дома;308;1000;308000
414;2023-02-04;Контейнер пищевой;Товары для дома;289;100;28900
415;2023-11-18;Верёвка;Товары для дома;122;500;61000
416;2023-12-25;Яблоки;Пищевые продукты;61;30;1830
417;2023-08-29;Яблоки;Пищевые продукты;168;30;5040
418;2023-12-07;Футболка;Одежда;75;1500;112500
419;2023-02-22;Утюг;Бытовая техника;289;1500;433500
420;2023-03-30;Удлинитель;Товары для дома;202;400;80800
421;2023-11-24;Худи;Одежда;128;2500;320000
422;2023-01-30;Худи;Одежда;37;2500;92500
423;2023-04-29;Яблоки;Пищевые продукты;210;30;6300
424;2023-06-04;Мыло;Бытовая химия;69;100;6900
425;2023-09-10;Настольная лампа;Товары для дома;264;1000;264000
426;2023-04-17;Пылесос;Бытовая техника;6;5000;30000
427;2023-08-31;Средство для мытья посуды;Бытовая химия;246;200;49200
428;2023-01-05;Микроволновая печь;Бытовая техника;38;4000;152000
429;2023-08-22;Брюки;Одежда;31;4000;124000
430;2023-11-23;Колбаса;Пищевые продукты;313;500;156500
431;2023-07-29;Микроволновая печь;Бытовая техника;15;4000;60000
432;2023-05-06;Колбаса;Пищевые продукты;141;500;70500
433;2023-03-23;Футболка;Одежда;238;1500;357000
434;2023-12-24;Лимонад;Пищевые продукты;38;1500;57000
435;2023-10-11;Контейнер пищевой;Товары для дома;302;100;30200
436;2023-11-20;Контейнер пищевой;Товары для дома;322;100;32200
437;2023-05-25;Лимонад;Пищевые продукты;186;1500;279000
438;2023-02-11;Утюг;Бытовая техника;35;1500;52500
439;2023-06-07;Верёвка;Товары для дома;364;500;182000
440;2023-10-26;Шампиньоны;Пищевые продукты;99;10;990
441;2023-04-22;Чайник;Бытовая техника;81;2000;162000
442;2023-06-29;Шампунь;Бытовая химия;252;300;75600
443;2023-04-02;Контейнер пищевой;Товары для дома;126;100;12600
444;2023-08-20;Мыло;Бытовая химия;67;100;6700
445;2023-06-18;Настольная лампа;Товары для дома;240;1000;240000
446;2023-07-07;Колбаса;Пищевые продукты;328;500;164000
447;2023-06-22;Носки;Одежда;292;300;87600
448;2023-09-28;Пылесос;Бытовая техника;3;5000;15000
449;2023-10-09;Чайник;Бытовая техника;147;2000;294000
450;2023-06-14;Носки;Одежда;105;300;31500
451;2023-07-11;Верёвка;Товары для дома;273;500;136500
452;2023-04-27;Футболка;Одежда;127;1500;190500
453;2023-11-11;Удлинитель;Товары для дома;44;400;17600
454;2023-09-24;Утюг;Бытовая техника;111;1500;166500
455;2023-05-11;Утюг;Бытовая техника;241;1500;361500
456;2023-04-02;Пылесос;Бытовая техника;8;5000;40000
457;2023-03-01;Микроволновая печь;Бытовая техника;18;4000;72000
458;2023-06-21;Верёвка;Товары для дома;124;500;62000
459;2023-12-14;Лимонад;Пищевые продукты;89;1500;133500
460;2023-06-26;Шампунь;Бытовая химия;380;300;114000
461;2023-08-16;Носки;Одежда;205;300;61500
462;2023-12-04;Пылесос;Бытовая техника;8;5000;40000
463;2023-11-10;Яблоки;Пищевые продукты;348;30;10440
464;2023-11-23;Шампунь;Бытовая химия;287;300;86100
465;2023-05-28;Средство для мытья посуды;Бытовая химия;124;200;24800
466;2023-08-25;Худи;Одежда;70;2500;175000
467;2023-04-14;Шампунь;Бытовая химия;381;300;114300
468;2023-02-28;Мыло;Бытовая химия;150;100;15000
469;2023-10-15;Мыло;Бытовая химия;114;100;11400
470;2023-07-04;Контейнер пищевой;Товары для дома;387;100;38700
471;2023-09-24;Гель для стирки;Бытовая химия;302;1000;302000
472;2023-07-31;Чайник;Бытовая техника;199;2000;398000
473;2023-08-02;Лимонад;Пищевые продукты;89;1500;133500
474;2023-07-29;Утюг;Бытовая техника;171;1500;256500
475;2023-08-24;Шампиньоны;Пищевые продукты;283;10;2830
476;2023-12-06;Удлинитель;Товары для дома;295;400;118000
477;2023-10-12;Лимонад;Пищевые продукты;160;1500;240000
478;2023-10-08;Верёвка;Товары для дома;80;500;40000
479;2023-05-25;Шампиньоны;Пищевые продукты;318;10;3180
480;2023-06-30;Носки;Одежда;292;300;87600
481;2023-04-11;Лимонад;Пищевые продукты;142;1500;213000
482;2023-07-13;Микроволновая печь;Бытовая техника;17;4000;68000
483;2023-10-12;Колбаса;Пищевые продукты;350;500;175000
484;2023-01-01;Гель для стирки;Бытовая химия;106;1000;106000
485;2023-04-16;Микроволновая печь;Бытовая техника;23;4000;92000
486;2023-09-26;Худи;Одежда;95;2500;237500
487;2023-03-01;Чайник;Бытовая техника;92;2000;184000
488;2023-12-17;Удлинитель;Товары для дома;275;400;110000
489;2023-04-25;Средство для мытья посуды;Бытовая химия;232;200;46400
490;2023-04-04;Носки;Одежда;114;300;34200
491;2023-06-13;Лимонад;Пищевые продукты;49;1500;73500
492;2023-05-12;Лимонад;Пищевые продукты;270;1500;405000
493;2023-03-30;Контейнер пищевой;Товары для дома;194;100;19400
494;2023-09-26;Пылесос;Бытовая техника;1;5000;5000
495;2023-03-13;Утюг;Бытовая техника;174;1500;261000
496;2023-02-09;Удлинитель;Товары для дома;93;400;37200
497;2023-12-12;Лимонад;Пищевые продукты;44;1500;66000
498;2023-04-23;Верёвка;Товары для дома;161;500;80500
499;2023-07-07;Контейнер пищевой;Товары для дома;385;100;38500
500;2023-11-09;Верёвка;Товары для дома;164;500;82000
501;2023-08-02;Средство для мытья посуды;Бытовая химия;240;200;48000
502;2023-07-09;Худи;Одежда;62;2500;155000
503;2023-06-14;Мыло;Бытовая химия;362;100;36200
504;2023-04-02;Шампунь;Бытовая химия;172;300;51600
505;2023-12-17;Средство для мытья посуды;Бытовая химия;306;200;61200
506;2023-10-16;Гель для стирки;Бытовая химия;142;1000;142000
507;2023-09-23;Пылесос;Бытовая техника;8;5000;40000
508;2023-12-26;Футболка;Одежда;205;1500;307500
509;2023-03-16;Шампиньоны;Пищевые продукты;306;10;3060
510;2023-04-25;Удлинитель;Товары для дома;326;400;130400
511;2023-03-23;Гель для стирки;Бытовая химия;259;1000;259000
512;2023-02-02;Худи;Одежда;87;2500;217500
513;2023-02-01;Утюг;Бытовая техника;150;1500;225000
514;2023-09-08;Яблоки;Пищевые продукты;210;30;6300
515;2023-07-11;Брюки;Одежда;38;4000;152000
516;2023-04-26;Худи;Одежда;91;2500;227500
517;2023-06-11;Верёвка;Товары для дома;306;500;153000
518;2023-10-12;Чайник;Бытовая техника;127;2000;254000
519;2023-06-22;Контейнер пищевой;Товары для дома;121;100;12100
520;2023-02-22;Колбаса;Пищевые продукты;351;500;175500
521;2023-06-18;Футболка;Одежда;212;1500;318000
522;2023-09-26;Микроволновая печь;Бытовая техника;9;4000;36000
523;2023-03-10;Пылесос;Бытовая техника;10;5000;50000
524;2023-01-22;Удлинитель;Товары для дома;172;400;68800
525;2023-06-18;Верёвка;Товары для дома;149;500;74500
526;2023-08-06;Футболка;Одежда;167;1500;250500
527;2023-01-03;Чайник;Бытовая техника;64;2000;128000
528;2023-03-09;Гель для стирки;Бытовая химия;187;1000;187000
529;2023-06-27;Футболка;Одежда;110;1500;165000
530;2023-05-29;Футболка;Одежда;272;1500;408000
531;2023-03-16;Микроволновая печь;Бытовая техника;34;4000;136000
532;2023-01-31;Утюг;Бытовая техника;255;1500;382500
533;2023-05-16;Верёвка;Товары для дома;302;500;151000
534;2023-06-26;Носки;Одежда;225;300;67500
535;2023-01-26;Верёвка;Товары для дома;375;500;187500
536;2023-05-07;Футболка;Одежда;38;1500;57000
537;2023-04-23;Средство для мытья посуды;Бытовая химия;154;200;30800
538;2023-09-07;Лимонад;Пищевые продукты;93;1500;139500
539;2023-05-30;Настольная лампа;Товары для дома;304;1000;304000
540;2023-05-10;Чайник;Бытовая техника;212;2000;424000
541;2023-11-07;Колбаса;Пищевые продукты;358;500;179000
542;2023-05-14;Микроволновая печь;Бытовая техника;22;4000;88000
543;2023-04-15;Худи;Одежда;131;2500;327500
544;2023-10-16;Утюг;Бытовая техника;156;1500;234000
545;2023-06-26;Колбаса;Пищевые продукты;112;500;56000
546;2023-06-18;Гель для стирки;Бытовая химия;336;1000;336000
547;2023-02-09;Удлинитель;Товары для дома;385;400;154000
548;2023-03-28;Контейнер пищевой;Товары для дома;313;100;31300
549;2023-12-28;Брюки;Одежда;37;4000;148000
550;2023-12-04;Чайник;Бытовая техника;195;2000;390000
551;2023-02-04;Утюг;Бытовая техника;136;1500;204000
552;2023-12-23;Удлинитель;Товары для дома;131;400;52400
553;2023-07-13;Контейнер пищевой;Товары для дома;353;100;35300
554;2023-03-05;Средство для мытья посуды;Бытовая химия;381;200;76200
555;2023-03-13;Удлинитель;Товары для дома;180;400;72000
556;2023-12-19;Пылесос;Бытовая техника;2;5000;10000
557;2023-05-05;Чайник;Бытовая техника;46;2000;92000
558;2023-09-09;Удлинитель;Товары для дома;347;400;138800
559;2023-09-03;Лимонад;Пищевые продукты;234;1500;351000
560;2023-12-18;Худи;Одежда;60;2500;150000
561;2023-11-26;Средство для мытья посуды;Бытовая химия;265;200;53000
562;2023-01-20;Удлинитель;Товары для дома;231;400;92400
563;2023-03-14;Микроволновая печь;Бытовая техника;26;4000;104000
564;2023-08-21;Утюг;Бытовая техника;50;1500;75000
565;2023-05-05;Контейнер пищевой;Товары для дома;185;100;18500
566;2023-09-10;Средство для мытья посуды;Бытовая химия;305;200;61000
567;2023-02-07;Носки;Одежда;120;300;36000
568;2023-05-27;Худи;Одежда;160;2500;400000
569;2023-08-04;Яблоки;Пищевые продукты;190;30;5700
570;2023-02-14;Шампунь;Бытовая химия;180;300;54000
571;2023-02-11;Утюг;Бытовая техника;119;1500;178500
572;2023-08-20;Шампиньоны;Пищевые продукты;339;10;3390
573;2023-12-05;Чайник;Бытовая техника;133;2000;266000
574;2023-11-13;Микроволновая печь;Бытовая техника;23;4000;92000
575;2023-08-03;Колбаса;Пищевые продукты;375;500;187500
576;2023-06-20;Чайник;Бытовая техника;177;2000;354000
577;2023-12-15;Футболка;Одежда;101;1500;151500
578;2023-01-25;Шампунь;Бытовая химия;334;300;100200
579;2023-03-28;Носки;Одежда;39;300;11700
580;2023-06-11;Худи;Одежда;47;2500;117500
581;2023-05-02;Брюки;Одежда;38;4000;152000
582;2023-04-21;Шампиньоны;Пищевые продукты;215;10;2150
583;2023-04-08;Верёвка;Товары для дома;89;500;44500
584;2023-05-10;Носки;Одежда;173;300;51900
585;2023-07-14;Лимонад;Пищевые продукты;61;1500;91500
586;2023-06-25;Удлинитель;Товары для дома;121;400;48400
587;2023-03-29;Шампиньоны;Пищевые продукты;96;10;960
588;2023-03-17;Утюг;Бытовая техника;130;1500;195000
589;2023-01-18;Микроволновая печь;Бытовая техника;8;4000;32000
590;2023-01-07;Контейнер пищевой;Товары для дома;131;100;13100
591;2023-04-06;Микроволновая печь;Бытовая техника;19;4000;76000
592;2023-09-15;Пылесос;Бытовая техника;2;5000;10000
593;2023-01-10;Настольная лампа;Товары для дома;293;1000;293000
594;2023-01-04;Носки;Одежда;168;300;50400
595;2023-08-29;Шампиньоны;Пищевые продукты;210;10;2100
596;2023-11-09;Пылесос;Бытовая техника;3;5000;15000
597;2023-02-28;Гель для стирки;Бытовая химия;243;1000;243000
598;2023-04-20;Худи;Одежда;92;2500;230000
599;2023-04-17;Колбаса;Пищевые продукты;248;500;124000
600;2023-01-18;Верёвка;Товары для дома;126;500;63000
601;2023-01-22;Шампунь;Бытовая химия;168;300;50400
602;2023-08-24;Лимонад;Пищевые продукты;201;1500;301500
603;2023-08-03;Мыло;Бытовая химия;99;100;9900
604;2023-05-28;Носки;Одежда;104;300;31200
605;2023-03-05;Настольная лампа;Товары для дома;310;1000;310000
606;2023-07-22;Носки;Одежда;181;300;54300
607;2023-12-03;Колбаса;Пищевые продукты;164;500;82000
608;2023-08-13;Худи;Одежда;71;2500;177500
609;2023-06-16;Яблоки;Пищевые продукты;153;30;4590
610;2023-09-25;Чайник;Бытовая техника;42;2000;84000
611;2023-01-06;Контейнер пищевой;Товары для дома;306;100;30600
612;2023-04-02;Утюг;Бытовая техника;173;1500;259500
613;2023-07-08;Брюки;Одежда;37;4000;148000
614;2023-06-06;Яблоки;Пищевые продукты;69;30;2070
615;2023-09-02;Средство для мытья посуды;Бытовая химия;316;200;63200
616;2023-11-03;Шампунь;Бытовая химия;61;300;18300
617;2023-06-25;Футболка;Одежда;172;1500;258000
618;2023-02-02;Лимонад;Пищевые продукты;198;1500;297000
619;2023-02-09;Худи;Одежда;21;2500;52500
620;2023-11-06;Брюки;Одежда;27;4000;108000
621;2023-02-14;Удлинитель;Товары для дома;330;400;132000
622;2023-06-30;Мыло;Бытовая химия;195;100;19500
623;2023-09-28;Чайник;Бытовая техника;226;2000;452000
624;2023-06-10;Носки;Одежда;184;300;55200
625;2023-06-10;Шампиньоны;Пищевые продукты;65;10;650
626;2023-07-23;Мыло;Бытовая химия;61;100;6100
627;2023-10-21;Верёвка;Товары для дома;231;500;115500
628;2023-02-25;Пылесос;Бытовая техника;8;5000;40000
629;2023-11-17;Утюг;Бытовая техника;274;1500;411000
630;2023-10-21;Носки;Одежда;186;300;55800
631;2023-02-15;Настольная лампа;Товары для дома;110;1000;110000
632;2023-06-20;Шампиньоны;Пищевые продукты;185;10;1850
633;2023-07-18;Контейнер пищевой;Товары для дома;373;100;37300
634;2023-03-25;Футболка;Одежда;178;1500;267000
635;2023-03-28;Микроволновая печь;Бытовая техника;8;4000;32000
636;2023-06-29;Контейнер пищевой;Товары для дома;108;100;10800
637;2023-11-01;Гель для стирки;Бытовая химия;248;1000;248000
638;2023-12-28;Шампиньоны;Пищевые продукты;42;10;420
639;2023-09-08;Верёвка;Товары для дома;359;500;179500
640;2023-02-05;Удлинитель;Товары для дома;99;400;39600
641;2023-11-19;Брюки;Одежда;28;4000;112000
642;2023-09-04;Пылесос;Бытовая техника;8;5000;40000
643;2023-06-22;Средство для мытья посуды;Бытовая химия;275;200;55000
644;2023-07-20;Настольная лампа;Товары для дома;159;1000;159000
645;2023-05-31;Лимонад;Пищевые продукты;263;1500;394500
646;2023-04-14;Шампиньоны;Пищевые продукты;82;10;820
647;2023-02-14;Брюки;Одежда;23;4000;92000
648;2023-12-08;Контейнер пищевой;Товары для дома;318;100;31800
649;2023-08-21;Брюки;Одежда;34;4000;136000
650;2023-09-12;Яблоки;Пищевые продукты;89;30;2670
651;2023-05-31;Шампунь;Бытовая химия;41;300;12300
652;2023-04-14;Футболка;Одежда;130;1500;195000
653;2023-11-03;Шампунь;Бытовая химия;48;300;14400
654;2023-03-10;Верёвка;Товары для дома;241;500;120500
655;2023-03-28;Худи;Одежда;54;2500;135000
656;2023-03-17;Настольная лампа;Товары для дома;66;1000;66000
657;2023-07-04;Контейнер пищевой;Товары для дома;104;100;10400
658;2023-03-05;Колбаса;Пищевые продукты;133;500;66500
659;2023-12-07;Утюг;Бытовая техника;93;1500;139500
660;2023-08-26;Худи;Одежда;114;2500;285000
661;2023-01-19;Удлинитель;Товары для дома;212;400;84800
662;2023-10-01;Колбаса;Пищевые продукты;147;500;73500
663;2023-10-07;Гель для стирки;Бытовая химия;272;1000;272000
664;2023-12-10;Брюки;Одежда;40;4000;160000
665;2023-03-07;Гель для стирки;Бытовая химия;254;1000;254000
666;2023-05-14;Микроволновая печь;Бытовая техника;5;4000;20000
667;2023-01-25;Чайник;Бытовая техника;216;2000;432000
668;2023-04-05;Гель для стирки;Бытовая химия;316;1000;316000
669;2023-04-26;Шампунь;Бытовая химия;186;300;55800
670;2023-11-20;Удлинитель;Товары для дома;315;400;126000
671;2023-12-09;Яблоки;Пищевые продукты;177;30;5310
672;2023-12-13;Колбаса;Пищевые продукты;245;500;122500
673;2023-12-25;Брюки;Одежда;24;4000;96000
674;2023-10-21;Средство для мытья посуды;Бытовая химия;367;200;73400
675;2023-05-11;Средство для мытья посуды;Бытовая химия;162;200;32400
676;2023-10-03;Утюг;Бытовая техника;283;1500;424500
677;2023-07-24;Настольная лампа;Товары для дома;100;1000;100000
678;2023-05-02;Худи;Одежда;107;2500;267500
679;2023-08-08;Брюки;Одежда;29;4000;116000
680;2023-02-16;Удлинитель;Товары для дома;223;400;89200
681;2023-02-04;Гель для стирки;Бытовая химия;266;1000;266000
682;2023-05-09;Мыло;Бытовая химия;71;100;7100
683;2023-12-29;Гель для стирки;Бытовая химия;77;1000;77000
684;2023-12-28;Пылесос;Бытовая техника;4;5000;20000
685;2023-01-06;Шампиньоны;Пищевые продукты;180;10;1800
686;2023-09-22;Брюки;Одежда;6;4000;24000
687;2023-02-01;Чайник;Бытовая техника;202;2000;404000
688;2023-01-11;Колбаса;Пищевые продукты;329;500;164500
689;2023-03-18;Худи;Одежда;62;2500;155000
690;2023-05-05;Шампиньоны;Пищевые продукты;334;10;3340
691;2023-08-04;Микроволновая печь;Бытовая техника;39;4000;156000
692;2023-01-01;Худи;Одежда;85;2500;212500
693;2023-02-03;Утюг;Бытовая техника;243;1500;364500
694;2023-04-05;Худи;Одежда;149;2500;372500
695;2023-04-08;Гель для стирки;Бытовая химия;51;1000;51000
696;2023-09-11;Брюки;Одежда;17;4000;68000
697;2023-03-19;Футболка;Одежда;197;1500;295500
698;2023-03-18;Футболка;Одежда;101;1500;151500
699;2023-08-12;Мыло;Бытовая химия;70;100;7000
700;2023-08-30;Чайник;Бытовая техника;151;2000;302000
701;2023-06-22;Футболка;Одежда;58;1500;87000
702;2023-11-29;Удлинитель;Товары для дома;222;400;88800
703;2023-10-08;Брюки;Одежда;11;4000;44000
704;2023-07-31;Гель для стирки;Бытовая химия;180;1000;180000
705;2023-11-13;Микроволновая печь;Бытовая техника;16;4000;64000
706;2023-09-11;Настольная лампа;Товары для дома;142;1000;142000
707;2023-04-05;Пылесос;Бытовая техника;8;5000;40000
708;2023-08-29;Утюг;Бытовая техника;134;1500;201000
709;2023-08-20;Лимонад;Пищевые продукты;280;1500;420000
710;2023-09-16;Мыло;Бытовая химия;358;100;35800
711;2023-07-19;Яблоки;Пищевые продукты;373;30;11190
712;2023-05-09;Микроволновая печь;Бытовая техника;27;4000;108000
713;2023-09-19;Пылесос;Бытовая техника;10;5000;50000
714;2023-03-03;Чайник;Бытовая техника;93;2000;186000
715;2023-10-16;Гель для стирки;Бытовая химия;261;1000;261000
716;2023-06-16;Настольная лампа;Товары для дома;253;1000;253000
717;2023-02-25;Шампунь;Бытовая химия;105;300;31500
718;2023-10-12;Гель для стирки;Бытовая химия;330;1000;330000
719;2023-12-14;Шампунь;Бытовая химия;70;300;21000
720;2023-12-12;Утюг;Бытовая техника;54;1500;81000
721;2023-06-28;Колбаса;Пищевые продукты;161;500;80500
722;2023-05-16;Яблоки;Пищевые продукты;282;30;8460
723;2023-05-25;Брюки;Одежда;10;4000;40000
724;2023-03-07;Мыло;Бытовая химия;319;100;31900
725;2023-06-24;Лимонад;Пищевые продукты;258;1500;387000
726;2023-08-02;Брюки;Одежда;7;4000;28000
727;2023-08-26;Мыло;Бытовая химия;104;100;10400
728;2023-11-24;Утюг;Бытовая техника;276;1500;414000
729;2023-12-28;Контейнер пищевой;Товары для дома;389;100;38900
730;2023-12-16;Чайник;Бытовая техника;199;2000;398000
731;2023-01-22;Мыло;Бытовая химия;230;100;23000
732;2023-04-16;Шампунь;Бытовая химия;351;300;105300
733;2023-04-05;Брюки;Одежда;20;4000;80000
734;2023-08-05;Брюки;Одежда;25;4000;100000
735;2023-06-12;Контейнер пищевой;Товары для дома;278;100;27800
736;2023-06-22;Гель для стирки;Бытовая химия;129;1000;129000
737;2023-10-25;Яблоки;Пищевые продукты;167;30;5010
738;2023-03-15;Колбаса;Пищевые продукты;108;500;54000
739;2023-05-17;Шампиньоны;Пищевые продукты;268;10;2680
740;2023-12-12;Чайник;Бытовая техника;60;2000;120000
741;2023-03-04;Шампунь;Бытовая химия;64;300;19200
742;2023-05-17;Носки;Одежда;93;300;27900
743;2023-08-26;Футболка;Одежда;174;1500;261000
744;2023-06-12;Чайник;Бытовая техника;36;2000;72000
745;2023-03-16;Худи;Одежда;44;2500;110000
746;2023-11-26;Настольная лампа;Товары для дома;228;1000;228000
747;2023-06-17;Чайник;Бытовая техника;192;2000;384000
748;2023-09-29;Микроволновая печь;Бытовая техника;24;4000;96000
749;2023-08-25;Колбаса;Пищевые продукты;373;500;186500
750;2023-08-18;Пылесос;Бытовая техника;1;5000;5000
751;2023-09-23;Яблоки;Пищевые продукты;278;30;8340
752;2023-11-07;Колбаса;Пищевые продукты;141;500;70500
753;2023-10-13;Мыло;Бытовая химия;319;100;31900
754;2023-11-24;Утюг;Бытовая техника;171;1500;256500
755;2023-09-13;Утюг;Бытовая техника;240;1500;360000
756;2023-07-09;Утюг;Бытовая техника;105;1500;157500
757;2023-04-11;Удлинитель;Товары для дома;242;400;96800
758;2023-10-19;Футболка;Одежда;248;1500;372000
759;2023-11-07;Лимонад;Пищевые продукты;153;1500;229500
760;2023-03-30;Чайник;Бытовая техника;76;2000;152000
761;2023-11-22;Колбаса;Пищевые продукты;131;500;65500
762;2023-06-18;Верёвка;Товары для дома;267;500;133500
763;2023-07-19;Контейнер пищевой;Товары для дома;134;100;13400
764;2023-11-16;Контейнер пищевой;Товары для дома;183;100;18300
765;2023-03-31;Яблоки;Пищевые продукты;170;30;5100
766;2023-09-11;Средство для мытья посуды;Бытовая химия;204;200;40800
767;2023-11-08;Футболка;Одежда;133;1500;199500
768;2023-08-14;Худи;Одежда;56;2500;140000
769;2023-02-19;Лимонад;Пищевые продукты;165;1500;247500
770;2023-11-16;Лимонад;Пищевые продукты;199;1500;298500
771;2023-03-06;Средство для мытья посуды;Бытовая химия;306;200;61200
772;2023-05-10;Удлинитель;Товары для дома;227;400;90800
773;2023-07-01;Контейнер пищевой;Товары для дома;390;100;39000
774;2023-12-21;Футболка;Одежда;282;1500;423000
775;2023-11-14;Контейнер пищевой;Товары для дома;204;100;20400
776;2023-05-07;Худи;Одежда;119;2500;297500
777;2023-08-16;Футболка;Одежда;35;1500;52500
778;2023-11-27;Настольная лампа;Товары для дома;214;1000;214000
779;2023-12-05;Пылесос;Бытовая техника;10;5000;50000
780;2023-12-12;Худи;Одежда;72;2500;180000
781;2023-01-09;Средство для мытья посуды;Бытовая химия;199;200;39800
782;2023-11-04;Настольная лампа;Товары для дома;192;1000;192000
783;2023-04-24;Верёвка;Товары для дома;67;500;33500
784;2023-08-20;Худи;Одежда;16;2500;40000
785;2023-12-05;Контейнер пищевой;Товары для дома;264;100;26400
786;2023-01-25;Верёвка;Товары для дома;178;500;89000
787;2023-11-30;Гель для стирки;Бытовая химия;264;1000;264000
788;2023-01-31;Удлинитель;Товары для дома;53;400;21200
789;2023-11-28;Гель для стирки;Бытовая химия;112;1000;112000
790;2023-10-21;Чайник;Бытовая техника;145;2000;290000
791;2023-01-11;Пылесос;Бытовая техника;4;5000;20000
792;2023-12-05;Колбаса;Пищевые продукты;352;500;176000
793;2023-11-14;Шампиньоны;Пищевые продукты;377;10;3770
794;2023-08-27;Пылесос;Бытовая техника;10;5000;50000
795;2023-03-13;Мыло;Бытовая химия;358;100;35800
796;2023-04-23;Брюки;Одежда;5;4000;20000
797;2023-06-27;Удлинитель;Товары для дома;347;400;138800
798;2023-03-27;Шампунь;Бытовая химия;67;300;20100
799;2023-07-27;Настольная лампа;Товары для дома;251;1000;251000
800;2023-02-01;Контейнер пищевой;Товары для дома;294;100;29400
801;2023-03-26;Яблоки;Пищевые продукты;87;30;2610
802;2023-11-25;Мыло;Бытовая химия;57;100;5700
803;2023-10-01;Контейнер пищевой;Товары для дома;314;100;31400
804;2023-02-18;Худи;Одежда;104;2500;260000
805;2023-10-09;Верёвка;Товары для дома;326;500;163000
806;2023-10-25;Лимонад;Пищевые продукты;104;1500;156000
807;2023-05-11;Настольная лампа;Товары для дома;118;1000;118000
808;2023-11-08;Чайник;Бытовая техника;175;2000;350000
809;2023-04-19;Худи;Одежда;117;2500;292500
810;2023-06-15;Шампиньоны;Пищевые продукты;375;10;3750
811;2023-10-08;Пылесос;Бытовая техника;5;5000;25000
812;2023-12-26;Верёвка;Товары для дома;273;500;136500
813;2023-05-06;Микроволновая печь;Бытовая техника;28;4000;112000
814;2023-12-22;Настольная лампа;Товары для дома;214;1000;214000
815;2023-08-05;Средство для мытья посуды;Бытовая химия;376;200;75200
816;2023-12-20;Носки;Одежда;250;300;75000
817;2023-12-21;Микроволновая печь;Бытовая техника;37;4000;148000
818;2023-07-01;Шампиньоны;Пищевые продукты;232;10;2320
819;2023-02-10;Брюки;Одежда;33;4000;132000
820;2023-05-18;Гель для стирки;Бытовая химия;115;1000;115000
821;2023-01-03;Пылесос;Бытовая техника;5;5000;25000
822;2023-06-13;Брюки;Одежда;22;4000;88000
823;2023-04-18;Худи;Одежда;22;2500;55000
824;2023-07-09;Яблоки;Пищевые продукты;118;30;3540
825;2023-07-12;Настольная лампа;Товары для дома;309;1000;309000
826;2023-05-04;Контейнер пищевой;Товары для дома;139;100;13900
827;2023-01-31;Чайник;Бытовая техника;35;2000;70000
828;2023-12-02;Гель для стирки;Бытовая химия;265;1000;265000
829;2023-09-23;Футболка;Одежда;264;1500;396000
830;2023-08-02;Футболка;Одежда;164;1500;246000
831;2023-02-28;Микроволновая печь;Бытовая техника;14;4000;56000
832;2023-10-18;Лимонад;Пищевые продукты;41;1500;61500
833;2023-10-06;Шампиньоны;Пищевые продукты;100;10;1000
834;2023-06-30;Утюг;Бытовая техника;118;1500;177000
835;2023-07-05;Гель для стирки;Бытовая химия;117;1000;117000
836;2023-07-29;Пылесос;Бытовая техника;2;5000;10000
837;2023-12-06;Утюг;Бытовая техника;195;1500;292500
838;2023-01-13;Верёвка;Товары для дома;72;500;36000
839;2023-01-18;Верёвка;Товары для дома;147;500;73500
840;2023-01-29;Чайник;Бытовая техника;71;2000;142000
841;2023-06-19;Настольная лампа;Товары для дома;316;1000;316000
842;2023-04-09;Худи;Одежда;58;2500;145000
843;2023-01-26;Колбаса;Пищевые продукты;289;500;144500
844;2023-12-02;Шампиньоны;Пищевые продукты;152;10;1520
845;2023-02-07;Верёвка;Товары для дома;336;500;168000
846;2023-12-09;Пылесос;Бытовая техника;8;5000;40000
847;2023-12-13;Контейнер пищевой;Товары для дома;355;100;35500
848;2023-12-29;Футболка;Одежда;66;1500;99000
849;2023-11-18;Контейнер пищевой;Товары для дома;84;100;8400
850;2023-01-30;Удлинитель;Товары для дома;227;400;90800
851;2023-11-17;Утюг;Бытовая техника;156;1500;234000
852;2023-12-16;Средство для мытья посуды;Бытовая химия;130;200;26000
853;2023-08-06;Чайник;Бытовая техника;204;2000;408000
854;2023-04-02;Удлинитель;Товары для дома;63;400;25200
855;2023-07-02;Верёвка;Товары для дома;109;500;54500
856;2023-10-29;Колбаса;Пищевые продукты;90;500;45000
857;2023-01-09;Утюг;Бытовая техника;103;1500;154500
858;2023-03-31;Верёвка;Товары для дома;264;500;132000
859;2023-08-17;Шампунь;Бытовая химия;349;300;104700
860;2023-07-24;Яблоки;Пищевые продукты;49;30;1470
861;2023-12-22;Яблоки;Пищевые продукты;389;30;11670
862;2023-02-13;Шампиньоны;Пищевые продукты;62;10;620
863;2023-07-31;Настольная лампа;Товары для дома;83;1000;83000
864;2023-09-20;Худи;Одежда;31;2500;77500
865;2023-05-16;Худи;Одежда;52;2500;130000
866;2023-03-10;Средство для мытья посуды;Бытовая химия;386;200;77200
867;2023-04-14;Контейнер пищевой;Товары для дома;176;100;17600
868;2023-01-05;Колбаса;Пищевые продукты;145;500;72500
869;2023-03-19;Чайник;Бытовая техника;69;2000;138000
870;2023-12-29;Микроволновая печь;Бытовая техника;23;4000;92000
871;2023-05-15;Футболка;Одежда;243;1500;364500
872;2023-07-06;Удлинитель;Товары для дома;127;400;50800
873;2023-10-01;Носки;Одежда;243;300;72900
874;2023-07-22;Микроволновая печь;Бытовая техника;35;4000;140000
875;2023-10-18;Яблоки;Пищевые продукты;334;30;10020
876;2023-11-14;Шампиньоны;Пищевые продукты;387;10;3870
877;2023-10-21;Верёвка;Товары для дома;371;500;185500
878;2023-10-16;Удлинитель;Товары для дома;172;400;68800
879;2023-10-20;Удлинитель;Товары для дома;256;400;102400
880;2023-09-06;Мыло;Бытовая химия;291;100;29100
881;2023-10-27;Микроволновая печь;Бытовая техника;24;4000;96000
882;2023-06-28;Худи;Одежда;140;2500;350000
883;2023-12-18;Удлинитель;Товары для дома;224;400;89600
884;2023-02-28;Шампунь;Бытовая химия;63;300;18900
885;2023-02-21;Чайник;Бытовая техника;25;2000;50000
886;2023-11-25;Худи;Одежда;112;2500;280000
887;2023-11-21;Контейнер пищевой;Товары для дома;212;100;21200
888;2023-12-28;Пылесос;Бытовая техника;3;5000;15000
889;2023-09-27;Контейнер пищевой;Товары для дома;351;100;35100
890;2023-10-10;Мыло;Бытовая химия;319;100;31900
891;2023-03-14;Верёвка;Товары для дома;146;500;73000
892;2023-07-27;Шампунь;Бытовая химия;80;300;24000
893;2023-01-15;Микроволновая печь;Бытовая техника;17;4000;68000
894;2023-01-04;Настольная лампа;Товары для дома;280;1000;280000
895;2023-03-08;Брюки;Одежда;33;4000;132000
896;2023-11-13;Колбаса;Пищевые продукты;39;500;19500
897;2023-06-18;Брюки;Одежда;27;4000;108000
898;2023-02-07;Худи;Одежда;75;2500;187500
899;2023-08-28;Удлинитель;Товары для дома;65;400;26000
900;2023-04-23;Колбаса;Пищевые продукты;256;500;128000
901;2023-10-24;Средство для мытья посуды;Бытовая химия;171;200;34200
902;2023-01-21;Носки;Одежда;386;300;115800
903;2023-07-22;Яблоки;Пищевые продукты;165;30;4950
904;2023-09-25;Худи;Одежда;94;2500;235000
905;2023-05-28;Мыло;Бытовая химия;225;100;22500
906;2023-11-07;Брюки;Одежда;13;4000;52000
907;2023-10-04;Носки;Одежда;185;300;55500
908;2023-08-25;Чайник;Бытовая техника;130;2000;260000
909;2023-03-25;Футболка;Одежда;233;1500;349500
910;2023-02-07;Настольная лампа;Товары для дома;203;1000;203000
911;2023-04-02;Мыло;Бытовая химия;240;100;24000
912;2023-03-13;Средство для мытья посуды;Бытовая химия;383;200;76600
913;2023-08-09;Яблоки;Пищевые продукты;254;30;7620
914;2023-12-30;Гель для стирки;Бытовая химия;222;1000;222000
915;2023-05-05;Носки;Одежда;111;300;33300
916;2023-03-05;Мыло;Бытовая химия;276;100;27600
917;2023-03-06;Футболка;Одежда;112;1500;168000
918;2023-12-06;Худи;Одежда;69;2500;172500
919;2023-06-26;Средство для мытья посуды;Бытовая химия;159;200;31800
920;2023-02-26;Колбаса;Пищевые продукты;304;500;152000
921;2023-02-12;Носки;Одежда;224;300;67200
922;2023-06-13;Средство для мытья посуды;Бытовая химия;388;200;77600
923;2023-04-19;Пылесос;Бытовая техника;3;5000;15000
924;2023-10-21;Яблоки;Пищевые продукты;81;30;2430
925;2023-06-20;Лимонад;Пищевые продукты;255;1500;382500
926;2023-08-05;Шампиньоны;Пищевые продукты;139;10;1390
927;2023-07-31;Средство для мытья посуды;Бытовая химия;133;200;26600
928;2023-05-05;Брюки;Одежда;20;4000;80000
929;2023-08-10;Удлинитель;Товары для дома;268;400;107200
930;2023-05-28;Футболка;Одежда;72;1500;108000
931;2023-04-02;Брюки;Одежда;40;4000;160000
932;2023-09-17;Средство для мытья посуды;Бытовая химия;304;200;60800
933;2023-08-01;Лимонад;Пищевые продукты;199;1500;298500
934;2023-10-10;Контейнер пищевой;Товары для дома;177;100;17700
935;2023-06-20;Брюки;Одежда;29;4000;116000
936;2023-04-29;Шампиньоны;Пищевые продукты;284;10;2840
937;2023-08-19;Верёвка;Товары для дома;168;500;84000
938;2023-08-25;Утюг;Бытовая техника;190;1500;285000
939;2023-11-26;Гель для стирки;Бытовая химия;99;1000;99000
940;2023-05-09;Верёвка;Товары для дома;330;500;165000
941;2023-11-06;Утюг;Бытовая техника;186;1500;279000
942;2023-08-31;Пылесос;Бытовая техника;4;5000;20000
943;2023-02-10;Контейнер пищевой;Товары для дома;139;100;13900
944;2023-04-04;Футболка;Одежда;60;1500;90000
945;2023-08-17;Лимонад;Пищевые продукты;224;1500;336000
946;2023-08-05;Шампиньоны;Пищевые продукты;130;10;1300
947;2023-10-20;Верёвка;Товары для дома;111;500;55500
948;2023-10-19;Брюки;Одежда;9;4000;36000
949;2023-07-22;Пылесос;Бытовая техника;4;5000;20000
950;2023-09-29;Контейнер пищевой;Товары для дома;220;100;22000
951;2023-05-27;Брюки;Одежда;27;4000;108000
952;2023-11-13;Шампиньоны;Пищевые продукты;77;10;770
953;2023-04-23;Микроволновая печь;Бытовая техника;27;4000;108000
954;2023-06-04;Чайник;Бытовая техника;65;2000;130000
955;2023-09-22;Настольная лампа;Товары для дома;175;1000;175000
956;2023-05-05;Гель для стирки;Бытовая химия;138;1000;138000
957;2023-07-13;Мыло;Бытовая химия;113;100;11300
958;2023-04-26;Чайник;Бытовая техника;134;2000;268000
959;2023-12-17;Удлинитель;Товары для дома;141;400;56400
960;2023-06-29;Футболка;Одежда;34;1500;51000
961;2023-09-25;Верёвка;Товары для дома;276;500;138000
962;2023-07-10;Контейнер пищевой;Товары для дома;248;100;24800
963;2023-05-03;Лимонад;Пищевые продукты;268;1500;402000
964;2023-12-29;Лимонад;Пищевые продукты;140;1500;210000
965;2023-03-25;Шампунь;Бытовая химия;109;300;32700
966;2023-03-24;Колбаса;Пищевые продукты;263;500;131500
967;2023-05-11;Носки;Одежда;237;300;71100
968;2023-11-05;Пылесос;Бытовая техника;1;5000;5000
969;2023-07-06;Удлинитель;Товары для дома;72;400;28800
970;2023-02-08;Колбаса;Пищевые продукты;130;500;65000
971;2023-02-09;Худи;Одежда;92;2500;230000
972;2023-10-19;Худи;Одежда;24;2500;60000
973;2023-01-24;Чайник;Бытовая техника;175;2000;350000
974;2023-10-08;Настольная лампа;Товары для дома;34;1000;34000
975;2023-11-16;Шампиньоны;Пищевые продукты;54;10;540
976;2023-10-30;Носки;Одежда;351;300;105300
977;2023-02-10;Шампунь;Бытовая химия;84;300;25200
978;2023-01-26;Носки;Одежда;324;300;97200
979;2023-03-14;Чайник;Бытовая техника;99;2000;198000
980;2023-12-21;Пылесос;Бытовая техника;2;5000;10000
981;2023-05-17;Гель для стирки;Бытовая химия;59;1000;59000
982;2023-12-02;Гель для стирки;Бытовая химия;156;1000;156000
983;2023-02-22;Пылесос;Бытовая техника;3;5000;15000
984;2023-12-24;Футболка;Одежда;220;1500;330000
985;2023-12-22;Чайник;Бытовая техника;152;2000;304000
986;2023-09-26;Брюки;Одежда;13;4000;52000
987;2023-07-12;Настольная лампа;Товары для дома;52;1000;52000
988;2023-05-18;Удлинитель;Товары для дома;119;400;47600
989;2023-06-24;Средство для мытья посуды;Бытовая химия;274;200;54800
990;2023-04-23;Брюки;Одежда;10;4000;40000
991;2023-06-14;Верёвка;Товары для дома;274;500;137000
992;2023-01-22;Настольная лампа;Товары для дома;302;1000;302000
993;2023-04-14;Лимонад;Пищевые продукты;162;1500;243000
994;2023-07-11;Утюг;Бытовая техника;289;1500;433500
995;2023-11-09;Средство для мытья посуды;Бытовая химия;49;200;9800
996;2023-02-06;Шампиньоны;Пищевые продукты;368;10;3680
997;2023-05-27;Колбаса;Пищевые продукты;112;500;56000
998;2023-03-29;Футболка;Одежда;166;1500;249000
999;2023-05-11;Шампиньоны;Пищевые продукты;44;10;440
1000;2023-10-09;Носки;Одежда;46;300;13800
